INSERT INTO projects (id, title, category, funding_goal, start_date, end_date) VALUES  
(1, "Project 1", "Old", 2000, 18, 20), 
(2, "Project 2", "Upcoming", 4000, 21, 25),
(3, "Project 3", "New", 20000, 19, 21),
(4, "Project 4", "Upcoming", 21000, 22, 30),
(5, "Project 5", "Old", 75000, 17, 27),
(6, "Project 6", "New", 29200, 19, 20),
(7, "Project 7", "New", 15800, 19, 24),
(8, "Project 8", "Current", 36000, 18, 21),
(9, "Project 9", "Old", 2000, 11, 20),
(10, "Project 10", "New", 4800, 19, 37);

INSERT INTO users (id, name, age) VALUES 
(1, 'Richell', 22), (2, 'Bonfield', 22), (3, 'Cherry', 5), (4, 'Mary', 13), 
(5, 'Vicki', 27), (6, 'Frankie', 75), (7, 'Barry', 10), (8, 'Rose', 56), (9, 'Jackie', 20), (10, 'Shaq', 24), 
(11, 'Maxine', 48), (12, 'Marisa', 24), (13, 'Kim', 88), (14, 'Danny', 16), (15, 'Elizabeth', 34), (16, 'Elvis', 100), 
(17, 'Meta', 1), (18, 'Rupert', 5), (19, 'Erica', 27), (20, 'Fred', 85);

INSERT INTO pledges (id, amount, user_id, project_id) VALUES
(1, 10, 1, 2), 
(2, 20, 1, 3), 
(3, 40, 1, 4), 
(4, 50, 2, 3), 
(5, 70, 3, 2), 
(6, 25, 4, 4), 
(7, 10, 5, 10), 
(8, 30, 6, 10), 
(9, 90, 7, 9), 
(10, 40, 8, 8), 
(11, 100, 8, 7), 
(12, 400, 9, 6), 
(13, 500, 9, 3), 
(14, 250, 10, 4), 
(15, 300, 12, 1), 
(16, 100, 11, 1), 
(17, 70, 13, 6), 
(18, 120, 14, 5), 
(19, 15, 15, 5), 
(20, 40, 16, 6), 
(21, 85, 17, 7), 
(22, 2000, 18, 8), 
(23, 60, 19, 9), 
(24, 70, 20, 10), 
(25, 1500, 20, 4), 
(26, 45, 19, 1), 
(27, 33, 18, 6), 
(28, 99, 17, 9), 
(29, 10000, 16, 6), 
(30, 7500, 15, 5);