INSERT INTO users (id, name, age) VALUES (1, 'Matthew', 17), (2, 'Caleb', 6), (3, 'Junia', 4), (4, 'Deb', 33),
(5, 'Jannett', 24), (6, 'Michael', 24), (7, 'Lily', 9), (8, 'Victoria', 23), (9, 'Ned', 100), (10, 'Wilt', 30),
(11, 'Ed', 90), (12, 'Alyssa', 24), (13, 'Rizzle', 4), (14, 'Black', 36), (15, 'Albert', 113), (16, 'Thunder', 5),
(17, 'Lightning', 6), (18, 'Sugarfoot', 5), (19, 'Axle', 24), (20, 'Elijah', 24);


INSERT INTO projects (id, title, category, funding_goal, start_date, end_date) VALUES
(1, 'Help me raise money', 'money', 2000.00, '2020-05-29', '2020-06-30'),
(2, 'My book on the prophetic', 'books', 30.00, '2020-01-01', '2020-01-04'),
(3, 'What not to say', 'books', 3000.00, '2020-05-30', '2020-05-30'),
(4, 'Homeless ministry', 'charity', 500.00, '2020-03-18', '2020-07-28'),
(5, 'Church outreach', 'charity', 2500.00, '2020-04-20', '2020-10-20'),
(6, 'Motorcycle club', 'charity', 650.00, '2020-12-30', '2020-12-30'),
(7, 'Sugar needs surgery', 'charity', 1200.00, '2020-10-02', '2020-10-30'),
(8, 'Wife needs table', 'charity', 1700.00, '2020-08-20', '2020-10-31'),
(9, 'I want to teach english to people', 'charity', 500.00, '2020-07-21', '2020-08-11'),
(10, 'Help save the whales ', 'charity', 10000.00, '2020-03-18', '2020-06-30');

INSERT INTO pledges (id, amount, user_id, project_id) VALUES
(1, 10.00, 1, 2),
(2, 20.00, 1, 3),
(3, 40.00, 1, 4),
(4, 75.00, 2, 3),
(5, 100.00, 3, 2),
(6, 20.00, 4, 4),
(7, 40.00, 5, 10),
(8, 60.00, 6, 10),
(9, 65.00, 7, 9),
(10, 700.00, 8, 8),
(11, 1000.00, 8, 7),
(12, 40.00, 9, 6),
(13, 50.00, 9, 3),
(14, 50.00, 10, 4),
(15, 450.00, 12, 1),
(16, 75.00, 11, 1),
(17, 12.00, 13, 6),
(18, 19.00, 14, 5),
(19, 20.00, 15, 5),
(20, 40.00, 16, 6),
(21, 15.50, 17, 7),
(22, 40.00, 18, 8),
(23, 80.00, 19, 9),
(24, 70.00, 20, 10),
(25, 100.00, 20, 4),
(26, 48.25, 19, 1),
(27, 25.00, 18, 6),
(28, 90.00, 17, 9),
(29, 325.00, 16, 6),
(30, 1000.00, 15, 5);